metric,step,value
rollout/ep_len_mean,2048,1000.0
rollout/ep_len_mean,4096,1000.0
rollout/ep_len_mean,6144,1000.0
rollout/ep_len_mean,8192,1000.0
rollout/ep_len_mean,10240,1000.0
rollout/ep_len_mean,12288,1000.0
rollout/ep_len_mean,14336,1000.0
rollout/ep_len_mean,16384,1000.0
rollout/ep_len_mean,18432,1000.0
rollout/ep_len_mean,20480,1000.0
rollout/ep_len_mean,22528,1000.0
rollout/ep_len_mean,24576,1000.0
rollout/ep_len_mean,26624,1000.0
rollout/ep_len_mean,28672,1000.0
rollout/ep_len_mean,30720,1000.0
rollout/ep_len_mean,32768,1000.0
rollout/ep_len_mean,34816,1000.0
rollout/ep_len_mean,36864,1000.0
rollout/ep_len_mean,38912,1000.0
rollout/ep_len_mean,40960,1000.0
rollout/ep_len_mean,43008,1000.0
rollout/ep_len_mean,45056,1000.0
rollout/ep_len_mean,47104,1000.0
rollout/ep_len_mean,49152,1000.0
rollout/ep_len_mean,51200,1000.0
rollout/ep_len_mean,53248,1000.0
rollout/ep_len_mean,55296,1000.0
rollout/ep_len_mean,57344,1000.0
rollout/ep_len_mean,59392,1000.0
rollout/ep_len_mean,61440,1000.0
rollout/ep_len_mean,63488,1000.0
rollout/ep_len_mean,65536,1000.0
rollout/ep_len_mean,67584,1000.0
rollout/ep_len_mean,69632,1000.0
rollout/ep_len_mean,71680,1000.0
rollout/ep_len_mean,73728,1000.0
rollout/ep_len_mean,75776,1000.0
rollout/ep_len_mean,77824,1000.0
rollout/ep_len_mean,79872,1000.0
rollout/ep_len_mean,81920,1000.0
rollout/ep_len_mean,83968,1000.0
rollout/ep_len_mean,86016,1000.0
rollout/ep_len_mean,88064,1000.0
rollout/ep_len_mean,90112,1000.0
rollout/ep_len_mean,92160,1000.0
rollout/ep_len_mean,94208,1000.0
rollout/ep_len_mean,96256,1000.0
rollout/ep_len_mean,98304,1000.0
rollout/ep_len_mean,100352,1000.0
rollout/ep_len_mean,102400,1000.0
rollout/ep_len_mean,104448,1000.0
rollout/ep_len_mean,106496,1000.0
rollout/ep_len_mean,108544,1000.0
rollout/ep_len_mean,110592,1000.0
rollout/ep_len_mean,112640,1000.0
rollout/ep_len_mean,114688,1000.0
rollout/ep_len_mean,116736,1000.0
rollout/ep_len_mean,118784,1000.0
rollout/ep_len_mean,120832,1000.0
rollout/ep_len_mean,122880,1000.0
rollout/ep_len_mean,124928,1000.0
rollout/ep_len_mean,126976,1000.0
rollout/ep_len_mean,129024,1000.0
rollout/ep_len_mean,131072,1000.0
rollout/ep_len_mean,133120,1000.0
rollout/ep_len_mean,135168,1000.0
rollout/ep_len_mean,137216,1000.0
rollout/ep_len_mean,139264,1000.0
rollout/ep_len_mean,141312,1000.0
rollout/ep_len_mean,143360,1000.0
rollout/ep_len_mean,145408,1000.0
rollout/ep_len_mean,147456,1000.0
rollout/ep_len_mean,149504,1000.0
rollout/ep_len_mean,151552,1000.0
rollout/ep_len_mean,153600,1000.0
rollout/ep_len_mean,155648,1000.0
rollout/ep_len_mean,157696,1000.0
rollout/ep_len_mean,159744,1000.0
rollout/ep_len_mean,161792,1000.0
rollout/ep_len_mean,163840,1000.0
rollout/ep_len_mean,165888,1000.0
rollout/ep_len_mean,167936,1000.0
rollout/ep_len_mean,169984,1000.0
rollout/ep_len_mean,172032,1000.0
rollout/ep_len_mean,174080,1000.0
rollout/ep_len_mean,176128,1000.0
rollout/ep_len_mean,178176,1000.0
rollout/ep_len_mean,180224,1000.0
rollout/ep_len_mean,182272,1000.0
rollout/ep_len_mean,184320,1000.0
rollout/ep_len_mean,186368,1000.0
rollout/ep_len_mean,188416,1000.0
rollout/ep_len_mean,190464,1000.0
rollout/ep_len_mean,192512,1000.0
rollout/ep_len_mean,194560,1000.0
rollout/ep_len_mean,196608,1000.0
rollout/ep_len_mean,198656,1000.0
rollout/ep_len_mean,200704,1000.0
rollout/ep_rew_mean,2048,-597.6087036132812
rollout/ep_rew_mean,4096,-605.4451904296875
rollout/ep_rew_mean,6144,-610.3193969726562
rollout/ep_rew_mean,8192,-619.5772094726562
rollout/ep_rew_mean,10240,-613.2491455078125
rollout/ep_rew_mean,12288,-605.3526000976562
rollout/ep_rew_mean,14336,-608.40673828125
rollout/ep_rew_mean,16384,-614.9990844726562
rollout/ep_rew_mean,18432,-617.8379516601562
rollout/ep_rew_mean,20480,-624.8710327148438
rollout/ep_rew_mean,22528,-626.584228515625
rollout/ep_rew_mean,24576,-625.2564697265625
rollout/ep_rew_mean,26624,-629.68408203125
rollout/ep_rew_mean,28672,-628.4970092773438
rollout/ep_rew_mean,30720,-625.845458984375
rollout/ep_rew_mean,32768,-624.2642211914062
rollout/ep_rew_mean,34816,-627.8366088867188
rollout/ep_rew_mean,36864,-625.4760131835938
rollout/ep_rew_mean,38912,-623.9453735351562
rollout/ep_rew_mean,40960,-622.1505737304688
rollout/ep_rew_mean,43008,-621.9364013671875
rollout/ep_rew_mean,45056,-623.1707763671875
rollout/ep_rew_mean,47104,-622.8063354492188
rollout/ep_rew_mean,49152,-622.5387573242188
rollout/ep_rew_mean,51200,-621.8950805664062
rollout/ep_rew_mean,53248,-621.0325317382812
rollout/ep_rew_mean,55296,-620.6414794921875
rollout/ep_rew_mean,57344,-616.6401977539062
rollout/ep_rew_mean,59392,-614.5789184570312
rollout/ep_rew_mean,61440,-612.6744384765625
rollout/ep_rew_mean,63488,-611.7108764648438
rollout/ep_rew_mean,65536,-611.2610473632812
rollout/ep_rew_mean,67584,-611.0850219726562
rollout/ep_rew_mean,69632,-610.1652221679688
rollout/ep_rew_mean,71680,-608.5189819335938
rollout/ep_rew_mean,73728,-609.058349609375
rollout/ep_rew_mean,75776,-607.9737548828125
rollout/ep_rew_mean,77824,-607.9000854492188
rollout/ep_rew_mean,79872,-607.2600708007812
rollout/ep_rew_mean,81920,-606.2977294921875
rollout/ep_rew_mean,83968,-604.5286254882812
rollout/ep_rew_mean,86016,-602.28173828125
rollout/ep_rew_mean,88064,-600.7821044921875
rollout/ep_rew_mean,90112,-599.6543579101562
rollout/ep_rew_mean,92160,-598.9547119140625
rollout/ep_rew_mean,94208,-598.4454345703125
rollout/ep_rew_mean,96256,-598.6906127929688
rollout/ep_rew_mean,98304,-597.9386596679688
rollout/ep_rew_mean,100352,-596.80712890625
rollout/ep_rew_mean,102400,-596.461669921875
rollout/ep_rew_mean,104448,-595.4657592773438
rollout/ep_rew_mean,106496,-595.6956787109375
rollout/ep_rew_mean,108544,-594.5326538085938
rollout/ep_rew_mean,110592,-594.8146362304688
rollout/ep_rew_mean,112640,-595.2522583007812
rollout/ep_rew_mean,114688,-594.4226684570312
rollout/ep_rew_mean,116736,-590.9788208007812
rollout/ep_rew_mean,118784,-589.4757690429688
rollout/ep_rew_mean,120832,-587.14306640625
rollout/ep_rew_mean,122880,-584.5097045898438
rollout/ep_rew_mean,124928,-585.06103515625
rollout/ep_rew_mean,126976,-581.79345703125
rollout/ep_rew_mean,129024,-580.2232666015625
rollout/ep_rew_mean,131072,-579.4785766601562
rollout/ep_rew_mean,133120,-577.9788208007812
rollout/ep_rew_mean,135168,-576.7943115234375
rollout/ep_rew_mean,137216,-576.4434814453125
rollout/ep_rew_mean,139264,-576.3045654296875
rollout/ep_rew_mean,141312,-574.9635620117188
rollout/ep_rew_mean,143360,-574.1852416992188
rollout/ep_rew_mean,145408,-570.911376953125
rollout/ep_rew_mean,147456,-571.1696166992188
rollout/ep_rew_mean,149504,-571.2333374023438
rollout/ep_rew_mean,151552,-570.2739868164062
rollout/ep_rew_mean,153600,-569.4949951171875
rollout/ep_rew_mean,155648,-569.3511352539062
rollout/ep_rew_mean,157696,-569.5404052734375
rollout/ep_rew_mean,159744,-570.1221923828125
rollout/ep_rew_mean,161792,-569.737060546875
rollout/ep_rew_mean,163840,-570.1270141601562
rollout/ep_rew_mean,165888,-569.2650146484375
rollout/ep_rew_mean,167936,-569.06494140625
rollout/ep_rew_mean,169984,-568.0992431640625
rollout/ep_rew_mean,172032,-567.5811157226562
rollout/ep_rew_mean,174080,-567.76025390625
rollout/ep_rew_mean,176128,-565.9723510742188
rollout/ep_rew_mean,178176,-565.0938720703125
rollout/ep_rew_mean,180224,-565.8565673828125
rollout/ep_rew_mean,182272,-565.123291015625
rollout/ep_rew_mean,184320,-565.7589721679688
rollout/ep_rew_mean,186368,-566.1215209960938
rollout/ep_rew_mean,188416,-567.8585815429688
rollout/ep_rew_mean,190464,-569.0609741210938
rollout/ep_rew_mean,192512,-569.2162475585938
rollout/ep_rew_mean,194560,-569.7766723632812
rollout/ep_rew_mean,196608,-567.5482788085938
rollout/ep_rew_mean,198656,-566.5792236328125
rollout/ep_rew_mean,200704,-566.3436889648438
time/fps,2048,425.0
time/fps,4096,344.0
time/fps,6144,306.0
time/fps,8192,285.0
time/fps,10240,292.0
time/fps,12288,304.0
time/fps,14336,312.0
time/fps,16384,318.0
time/fps,18432,323.0
time/fps,20480,327.0
time/fps,22528,330.0
time/fps,24576,332.0
time/fps,26624,332.0
time/fps,28672,332.0
time/fps,30720,333.0
time/fps,32768,336.0
time/fps,34816,337.0
time/fps,36864,340.0
time/fps,38912,342.0
time/fps,40960,344.0
time/fps,43008,345.0
time/fps,45056,347.0
time/fps,47104,348.0
time/fps,49152,349.0
time/fps,51200,350.0
time/fps,53248,349.0
time/fps,55296,349.0
time/fps,57344,350.0
time/fps,59392,351.0
time/fps,61440,352.0
time/fps,63488,352.0
time/fps,65536,354.0
time/fps,67584,354.0
time/fps,69632,355.0
time/fps,71680,356.0
time/fps,73728,357.0
time/fps,75776,357.0
time/fps,77824,358.0
time/fps,79872,359.0
time/fps,81920,359.0
time/fps,83968,360.0
time/fps,86016,361.0
time/fps,88064,362.0
time/fps,90112,363.0
time/fps,92160,363.0
time/fps,94208,363.0
time/fps,96256,363.0
time/fps,98304,363.0
time/fps,100352,363.0
time/fps,102400,363.0
time/fps,104448,362.0
time/fps,106496,362.0
time/fps,108544,362.0
time/fps,110592,361.0
time/fps,112640,360.0
time/fps,114688,360.0
time/fps,116736,361.0
time/fps,118784,361.0
time/fps,120832,361.0
time/fps,122880,361.0
time/fps,124928,361.0
time/fps,126976,361.0
time/fps,129024,362.0
time/fps,131072,362.0
time/fps,133120,362.0
time/fps,135168,362.0
time/fps,137216,363.0
time/fps,139264,363.0
time/fps,141312,363.0
time/fps,143360,363.0
time/fps,145408,363.0
time/fps,147456,363.0
time/fps,149504,363.0
time/fps,151552,362.0
time/fps,153600,361.0
time/fps,155648,358.0
time/fps,157696,357.0
time/fps,159744,357.0
time/fps,161792,356.0
time/fps,163840,356.0
time/fps,165888,354.0
time/fps,167936,340.0
time/fps,169984,326.0
time/fps,172032,314.0
time/fps,174080,306.0
time/fps,176128,296.0
time/fps,178176,288.0
time/fps,180224,279.0
time/fps,182272,271.0
time/fps,184320,264.0
time/fps,186368,257.0
time/fps,188416,251.0
time/fps,190464,246.0
time/fps,192512,241.0
time/fps,194560,235.0
time/fps,196608,229.0
time/fps,198656,224.0
time/fps,200704,219.0
train/approx_kl,4096,0.002759832888841629
train/approx_kl,6144,0.008465759456157684
train/approx_kl,8192,0.010488379746675491
train/approx_kl,10240,0.012040614150464535
train/approx_kl,12288,0.005572558846324682
train/approx_kl,14336,0.013744731433689594
train/approx_kl,16384,0.01092878170311451
train/approx_kl,18432,0.011396785266697407
train/approx_kl,20480,0.010848145000636578
train/approx_kl,22528,0.01249006949365139
train/approx_kl,24576,0.012639139778912067
train/approx_kl,26624,0.01198261883109808
train/approx_kl,28672,0.005318326875567436
train/approx_kl,30720,0.002335973083972931
train/approx_kl,32768,0.0065470426343381405
train/approx_kl,34816,0.005704259499907494
train/approx_kl,36864,0.008769197389483452
train/approx_kl,38912,0.008869163691997528
train/approx_kl,40960,0.0067747728899121284
train/approx_kl,43008,0.010137666948139668
train/approx_kl,45056,0.0045995041728019714
train/approx_kl,47104,0.009061161428689957
train/approx_kl,49152,0.005195997655391693
train/approx_kl,51200,0.007325556129217148
train/approx_kl,53248,0.006747182924300432
train/approx_kl,55296,0.005331848748028278
train/approx_kl,57344,0.007128623314201832
train/approx_kl,59392,0.009528269991278648
train/approx_kl,61440,0.007300232071429491
train/approx_kl,63488,0.002594203921034932
train/approx_kl,65536,0.003086633514612913
train/approx_kl,67584,0.003548827487975359
train/approx_kl,69632,0.007325494661927223
train/approx_kl,71680,0.005442226305603981
train/approx_kl,73728,0.006211850326508284
train/approx_kl,75776,0.008343076333403587
train/approx_kl,77824,0.008659616112709045
train/approx_kl,79872,0.0030181158799678087
train/approx_kl,81920,0.002442917786538601
train/approx_kl,83968,0.00033420929685235023
train/approx_kl,86016,0.0006713387556374073
train/approx_kl,88064,0.002293770434334874
train/approx_kl,90112,0.0027874219231307507
train/approx_kl,92160,0.005597446113824844
train/approx_kl,94208,0.0042419773526489735
train/approx_kl,96256,0.006072334013879299
train/approx_kl,98304,0.003639242146164179
train/approx_kl,100352,0.002348526380956173
train/approx_kl,102400,0.006297053769230843
train/approx_kl,104448,0.004048846662044525
train/approx_kl,106496,0.00827447883784771
train/approx_kl,108544,0.006056821905076504
train/approx_kl,110592,0.005358568858355284
train/approx_kl,112640,0.012287979945540428
train/approx_kl,114688,0.002853602636605501
train/approx_kl,116736,0.0036129727959632874
train/approx_kl,118784,0.008060596883296967
train/approx_kl,120832,0.005594105459749699
train/approx_kl,122880,0.002156791277229786
train/approx_kl,124928,0.0017157167894765735
train/approx_kl,126976,0.00141883734613657
train/approx_kl,129024,0.002696752082556486
train/approx_kl,131072,0.0010179453529417515
train/approx_kl,133120,0.005730947945266962
train/approx_kl,135168,0.005188788753002882
train/approx_kl,137216,0.002426457591354847
train/approx_kl,139264,0.0025147907435894012
train/approx_kl,141312,0.003488195827230811
train/approx_kl,143360,0.0032415275927633047
train/approx_kl,145408,0.0007168741431087255
train/approx_kl,147456,0.002550053410232067
train/approx_kl,149504,0.001841212622821331
train/approx_kl,151552,0.0012589417165145278
train/approx_kl,153600,0.00244048610329628
train/approx_kl,155648,0.002523035043850541
train/approx_kl,157696,6.330633186735213e-05
train/approx_kl,159744,0.0016994440229609609
train/approx_kl,161792,0.0012936615385115147
train/approx_kl,163840,0.0008144513703882694
train/approx_kl,165888,0.0008672932162880898
train/approx_kl,167936,0.00038544615381397307
train/approx_kl,169984,0.0011479139793664217
train/approx_kl,172032,0.0003097884473390877
train/approx_kl,174080,0.0005621380405500531
train/approx_kl,176128,0.00031064555514603853
train/approx_kl,178176,0.0001996183127630502
train/approx_kl,180224,0.00040208949940279126
train/approx_kl,182272,0.0006110552349127829
train/approx_kl,184320,0.0008646290516480803
train/approx_kl,186368,0.00037745898589491844
train/approx_kl,188416,8.305211667902768e-05
train/approx_kl,190464,0.0003719521046150476
train/approx_kl,192512,0.0006056117126718163
train/approx_kl,194560,0.0005089707556180656
train/approx_kl,196608,0.00026851141592487693
train/approx_kl,198656,0.0003734242054633796
train/approx_kl,200704,0.00033556841663084924
train/clip_fraction,4096,0.0
train/clip_fraction,6144,0.0234375
train/clip_fraction,8192,0.01528320275247097
train/clip_fraction,10240,0.0400390625
train/clip_fraction,12288,0.076416015625
train/clip_fraction,14336,0.03564453125
train/clip_fraction,16384,0.08486328274011612
train/clip_fraction,18432,0.04130859300494194
train/clip_fraction,20480,0.06049804762005806
train/clip_fraction,22528,0.052001953125
train/clip_fraction,24576,0.01162109337747097
train/clip_fraction,26624,0.05288086086511612
train/clip_fraction,28672,0.02036132849752903
train/clip_fraction,30720,0.0
train/clip_fraction,32768,0.02739257737994194
train/clip_fraction,34816,0.0
train/clip_fraction,36864,0.02143554762005806
train/clip_fraction,38912,0.06992187350988388
train/clip_fraction,40960,0.03969726711511612
train/clip_fraction,43008,0.02597656287252903
train/clip_fraction,45056,0.011669921688735485
train/clip_fraction,47104,0.09306640923023224
train/clip_fraction,49152,0.004101562313735485
train/clip_fraction,51200,0.01567382737994194
train/clip_fraction,53248,0.012158202938735485
train/clip_fraction,55296,0.02529296837747097
train/clip_fraction,57344,0.03530273586511612
train/clip_fraction,59392,0.06533203274011612
train/clip_fraction,61440,0.06513671576976776
train/clip_fraction,63488,0.01606445387005806
train/clip_fraction,65536,0.00732421875
train/clip_fraction,67584,0.01787109300494194
train/clip_fraction,69632,0.05747070163488388
train/clip_fraction,71680,0.016357421875
train/clip_fraction,73728,0.07016601413488388
train/clip_fraction,75776,0.02714843675494194
train/clip_fraction,77824,0.04643554612994194
train/clip_fraction,79872,0.012988281436264515
train/clip_fraction,81920,0.03652343899011612
train/clip_fraction,83968,0.003173828125
train/clip_fraction,86016,0.005664062686264515
train/clip_fraction,88064,0.01040039025247097
train/clip_fraction,90112,0.013720703311264515
train/clip_fraction,92160,0.016845703125
train/clip_fraction,94208,0.02099609375
train/clip_fraction,96256,0.03691406175494194
train/clip_fraction,98304,0.055908203125
train/clip_fraction,100352,0.01401367224752903
train/clip_fraction,102400,0.03720702975988388
train/clip_fraction,104448,0.02734375
train/clip_fraction,106496,0.023193359375
train/clip_fraction,108544,0.05341796949505806
train/clip_fraction,110592,0.02963867224752903
train/clip_fraction,112640,0.03950195387005806
train/clip_fraction,114688,0.04023437574505806
train/clip_fraction,116736,0.055908203125
train/clip_fraction,118784,0.04018554836511612
train/clip_fraction,120832,0.02788085862994194
train/clip_fraction,122880,0.02705078199505806
train/clip_fraction,124928,0.02592773362994194
train/clip_fraction,126976,0.02592773362994194
train/clip_fraction,129024,0.04013671725988388
train/clip_fraction,131072,0.01352539099752903
train/clip_fraction,133120,0.06796874850988388
train/clip_fraction,135168,0.06406249850988388
train/clip_fraction,137216,0.012500000186264515
train/clip_fraction,139264,0.04438476637005806
train/clip_fraction,141312,0.010205077938735485
train/clip_fraction,143360,0.02495117112994194
train/clip_fraction,145408,0.01254882849752903
train/clip_fraction,147456,0.01679687574505806
train/clip_fraction,149504,0.01826171949505806
train/clip_fraction,151552,0.01708984375
train/clip_fraction,153600,0.03217773512005806
train/clip_fraction,155648,0.03105468675494194
train/clip_fraction,157696,0.0035644532181322575
train/clip_fraction,159744,0.03261718899011612
train/clip_fraction,161792,0.01987304724752903
train/clip_fraction,163840,0.0044921874068677425
train/clip_fraction,165888,0.006152343936264515
train/clip_fraction,167936,0.0042480467818677425
train/clip_fraction,169984,0.01894531212747097
train/clip_fraction,172032,0.006152343936264515
train/clip_fraction,174080,0.0040527344681322575
train/clip_fraction,176128,0.0006835937383584678
train/clip_fraction,178176,0.012402343563735485
train/clip_fraction,180224,0.006542968563735485
train/clip_fraction,182272,0.010693359188735485
train/clip_fraction,184320,0.013964843936264515
train/clip_fraction,186368,0.01040039025247097
train/clip_fraction,188416,0.004638671875
train/clip_fraction,190464,0.005419922061264515
train/clip_fraction,192512,0.011425781063735485
train/clip_fraction,194560,0.005810546688735485
train/clip_fraction,196608,0.0021484375465661287
train/clip_fraction,198656,0.009472656063735485
train/clip_fraction,200704,0.0042968750931322575
train/clip_range,4096,0.20000000298023224
train/clip_range,6144,0.20000000298023224
train/clip_range,8192,0.20000000298023224
train/clip_range,10240,0.20000000298023224
train/clip_range,12288,0.20000000298023224
train/clip_range,14336,0.20000000298023224
train/clip_range,16384,0.20000000298023224
train/clip_range,18432,0.20000000298023224
train/clip_range,20480,0.20000000298023224
train/clip_range,22528,0.20000000298023224
train/clip_range,24576,0.20000000298023224
train/clip_range,26624,0.20000000298023224
train/clip_range,28672,0.20000000298023224
train/clip_range,30720,0.20000000298023224
train/clip_range,32768,0.20000000298023224
train/clip_range,34816,0.20000000298023224
train/clip_range,36864,0.20000000298023224
train/clip_range,38912,0.20000000298023224
train/clip_range,40960,0.20000000298023224
train/clip_range,43008,0.20000000298023224
train/clip_range,45056,0.20000000298023224
train/clip_range,47104,0.20000000298023224
train/clip_range,49152,0.20000000298023224
train/clip_range,51200,0.20000000298023224
train/clip_range,53248,0.20000000298023224
train/clip_range,55296,0.20000000298023224
train/clip_range,57344,0.20000000298023224
train/clip_range,59392,0.20000000298023224
train/clip_range,61440,0.20000000298023224
train/clip_range,63488,0.20000000298023224
train/clip_range,65536,0.20000000298023224
train/clip_range,67584,0.20000000298023224
train/clip_range,69632,0.20000000298023224
train/clip_range,71680,0.20000000298023224
train/clip_range,73728,0.20000000298023224
train/clip_range,75776,0.20000000298023224
train/clip_range,77824,0.20000000298023224
train/clip_range,79872,0.20000000298023224
train/clip_range,81920,0.20000000298023224
train/clip_range,83968,0.20000000298023224
train/clip_range,86016,0.20000000298023224
train/clip_range,88064,0.20000000298023224
train/clip_range,90112,0.20000000298023224
train/clip_range,92160,0.20000000298023224
train/clip_range,94208,0.20000000298023224
train/clip_range,96256,0.20000000298023224
train/clip_range,98304,0.20000000298023224
train/clip_range,100352,0.20000000298023224
train/clip_range,102400,0.20000000298023224
train/clip_range,104448,0.20000000298023224
train/clip_range,106496,0.20000000298023224
train/clip_range,108544,0.20000000298023224
train/clip_range,110592,0.20000000298023224
train/clip_range,112640,0.20000000298023224
train/clip_range,114688,0.20000000298023224
train/clip_range,116736,0.20000000298023224
train/clip_range,118784,0.20000000298023224
train/clip_range,120832,0.20000000298023224
train/clip_range,122880,0.20000000298023224
train/clip_range,124928,0.20000000298023224
train/clip_range,126976,0.20000000298023224
train/clip_range,129024,0.20000000298023224
train/clip_range,131072,0.20000000298023224
train/clip_range,133120,0.20000000298023224
train/clip_range,135168,0.20000000298023224
train/clip_range,137216,0.20000000298023224
train/clip_range,139264,0.20000000298023224
train/clip_range,141312,0.20000000298023224
train/clip_range,143360,0.20000000298023224
train/clip_range,145408,0.20000000298023224
train/clip_range,147456,0.20000000298023224
train/clip_range,149504,0.20000000298023224
train/clip_range,151552,0.20000000298023224
train/clip_range,153600,0.20000000298023224
train/clip_range,155648,0.20000000298023224
train/clip_range,157696,0.20000000298023224
train/clip_range,159744,0.20000000298023224
train/clip_range,161792,0.20000000298023224
train/clip_range,163840,0.20000000298023224
train/clip_range,165888,0.20000000298023224
train/clip_range,167936,0.20000000298023224
train/clip_range,169984,0.20000000298023224
train/clip_range,172032,0.20000000298023224
train/clip_range,174080,0.20000000298023224
train/clip_range,176128,0.20000000298023224
train/clip_range,178176,0.20000000298023224
train/clip_range,180224,0.20000000298023224
train/clip_range,182272,0.20000000298023224
train/clip_range,184320,0.20000000298023224
train/clip_range,186368,0.20000000298023224
train/clip_range,188416,0.20000000298023224
train/clip_range,190464,0.20000000298023224
train/clip_range,192512,0.20000000298023224
train/clip_range,194560,0.20000000298023224
train/clip_range,196608,0.20000000298023224
train/clip_range,198656,0.20000000298023224
train/clip_range,200704,0.20000000298023224
train/entropy_loss,4096,-1.3850483894348145
train/entropy_loss,6144,-1.3760358095169067
train/entropy_loss,8192,-1.349207878112793
train/entropy_loss,10240,-1.3281545639038086
train/entropy_loss,12288,-1.3068571090698242
train/entropy_loss,14336,-1.2875298261642456
train/entropy_loss,16384,-1.3236083984375
train/entropy_loss,18432,-1.3513777256011963
train/entropy_loss,20480,-1.3448481559753418
train/entropy_loss,22528,-1.3402552604675293
train/entropy_loss,24576,-1.352536678314209
train/entropy_loss,26624,-1.3764653205871582
train/entropy_loss,28672,-1.3727658987045288
train/entropy_loss,30720,-1.3539801836013794
train/entropy_loss,32768,-1.3567668199539185
train/entropy_loss,34816,-1.3309141397476196
train/entropy_loss,36864,-1.3311086893081665
train/entropy_loss,38912,-1.3357590436935425
train/entropy_loss,40960,-1.2831919193267822
train/entropy_loss,43008,-1.2544916868209839
train/entropy_loss,45056,-1.2469947338104248
train/entropy_loss,47104,-1.2078807353973389
train/entropy_loss,49152,-1.2314478158950806
train/entropy_loss,51200,-1.2143806219100952
train/entropy_loss,53248,-1.174586534500122
train/entropy_loss,55296,-1.165688157081604
train/entropy_loss,57344,-1.0601767301559448
train/entropy_loss,59392,-0.9687066078186035
train/entropy_loss,61440,-1.0383867025375366
train/entropy_loss,63488,-1.0065805912017822
train/entropy_loss,65536,-0.9709129929542542
train/entropy_loss,67584,-1.035885214805603
train/entropy_loss,69632,-0.9731946587562561
train/entropy_loss,71680,-0.9739097356796265
train/entropy_loss,73728,-1.0400859117507935
train/entropy_loss,75776,-0.9833628535270691
train/entropy_loss,77824,-0.8629974126815796
train/entropy_loss,79872,-0.8562845587730408
train/entropy_loss,81920,-0.8005412817001343
train/entropy_loss,83968,-0.7557490468025208
train/entropy_loss,86016,-0.8032515645027161
train/entropy_loss,88064,-0.8116939067840576
train/entropy_loss,90112,-0.799781322479248
train/entropy_loss,92160,-0.7834770083427429
train/entropy_loss,94208,-0.8424392342567444
train/entropy_loss,96256,-0.8526985049247742
train/entropy_loss,98304,-0.8460250496864319
train/entropy_loss,100352,-0.8782451748847961
train/entropy_loss,102400,-0.8251332640647888
train/entropy_loss,104448,-0.8445946574211121
train/entropy_loss,106496,-0.7951961755752563
train/entropy_loss,108544,-0.8417112231254578
train/entropy_loss,110592,-0.8546377420425415
train/entropy_loss,112640,-0.8335655331611633
train/entropy_loss,114688,-0.7255306839942932
train/entropy_loss,116736,-0.767274796962738
train/entropy_loss,118784,-0.7028628587722778
train/entropy_loss,120832,-0.6051487326622009
train/entropy_loss,122880,-0.5594562888145447
train/entropy_loss,124928,-0.6098952293395996
train/entropy_loss,126976,-0.5531215071678162
train/entropy_loss,129024,-0.638238787651062
train/entropy_loss,131072,-0.6277279853820801
train/entropy_loss,133120,-0.6018667817115784
train/entropy_loss,135168,-0.5306276082992554
train/entropy_loss,137216,-0.5359748005867004
train/entropy_loss,139264,-0.5259168744087219
train/entropy_loss,141312,-0.4847933053970337
train/entropy_loss,143360,-0.4191085994243622
train/entropy_loss,145408,-0.40375763177871704
train/entropy_loss,147456,-0.3922187387943268
train/entropy_loss,149504,-0.42055848240852356
train/entropy_loss,151552,-0.48576292395591736
train/entropy_loss,153600,-0.4204900860786438
train/entropy_loss,155648,-0.3399675488471985
train/entropy_loss,157696,-0.33666756749153137
train/entropy_loss,159744,-0.2729523777961731
train/entropy_loss,161792,-0.23997250199317932
train/entropy_loss,163840,-0.22390250861644745
train/entropy_loss,165888,-0.1883995085954666
train/entropy_loss,167936,-0.19424864649772644
train/entropy_loss,169984,-0.17420044541358948
train/entropy_loss,172032,-0.1737406998872757
train/entropy_loss,174080,-0.15145593881607056
train/entropy_loss,176128,-0.16059240698814392
train/entropy_loss,178176,-0.15537522733211517
train/entropy_loss,180224,-0.17053121328353882
train/entropy_loss,182272,-0.157828226685524
train/entropy_loss,184320,-0.13378366827964783
train/entropy_loss,186368,-0.14610974490642548
train/entropy_loss,188416,-0.14374636113643646
train/entropy_loss,190464,-0.13269349932670593
train/entropy_loss,192512,-0.10128697752952576
train/entropy_loss,194560,-0.0858999490737915
train/entropy_loss,196608,-0.08257896453142166
train/entropy_loss,198656,-0.0633196234703064
train/entropy_loss,200704,-0.05983605235815048
train/explained_variance,4096,0.018887817859649658
train/explained_variance,6144,0.4661014676094055
train/explained_variance,8192,0.5237690806388855
train/explained_variance,10240,0.5485836267471313
train/explained_variance,12288,0.42473018169403076
train/explained_variance,14336,0.6431474685668945
train/explained_variance,16384,0.6728180646896362
train/explained_variance,18432,0.5404121279716492
train/explained_variance,20480,0.6814420819282532
train/explained_variance,22528,0.6080538034439087
train/explained_variance,24576,0.6633296012878418
train/explained_variance,26624,0.7115078568458557
train/explained_variance,28672,0.6548190116882324
train/explained_variance,30720,0.7158669829368591
train/explained_variance,32768,0.5843842029571533
train/explained_variance,34816,0.645415186882019
train/explained_variance,36864,0.6407375335693359
train/explained_variance,38912,0.626446545124054
train/explained_variance,40960,0.619361400604248
train/explained_variance,43008,0.6555401086807251
train/explained_variance,45056,0.557177722454071
train/explained_variance,47104,0.6663467288017273
train/explained_variance,49152,0.673480749130249
train/explained_variance,51200,0.6241722106933594
train/explained_variance,53248,0.620904266834259
train/explained_variance,55296,0.6035135984420776
train/explained_variance,57344,0.6257005929946899
train/explained_variance,59392,0.5940017104148865
train/explained_variance,61440,0.5969475507736206
train/explained_variance,63488,0.6404229402542114
train/explained_variance,65536,0.6149288415908813
train/explained_variance,67584,0.6532886624336243
train/explained_variance,69632,0.6601799726486206
train/explained_variance,71680,0.6705652475357056
train/explained_variance,73728,0.6245148181915283
train/explained_variance,75776,0.6037935614585876
train/explained_variance,77824,0.5980486869812012
train/explained_variance,79872,0.6464840173721313
train/explained_variance,81920,0.6709808111190796
train/explained_variance,83968,0.5537437796592712
train/explained_variance,86016,0.5046303272247314
train/explained_variance,88064,0.6938358545303345
train/explained_variance,90112,0.7783188223838806
train/explained_variance,92160,0.5707029104232788
train/explained_variance,94208,0.5619445443153381
train/explained_variance,96256,0.6344082355499268
train/explained_variance,98304,0.6241699457168579
train/explained_variance,100352,0.5192579627037048
train/explained_variance,102400,0.5189992785453796
train/explained_variance,104448,0.6331048011779785
train/explained_variance,106496,0.5776224136352539
train/explained_variance,108544,0.5834857821464539
train/explained_variance,110592,0.6230771541595459
train/explained_variance,112640,0.6940662264823914
train/explained_variance,114688,0.7168053388595581
train/explained_variance,116736,0.6082830429077148
train/explained_variance,118784,0.7698442935943604
train/explained_variance,120832,0.7100814580917358
train/explained_variance,122880,0.7705062031745911
train/explained_variance,124928,0.6439536809921265
train/explained_variance,126976,0.5850961208343506
train/explained_variance,129024,0.611150860786438
train/explained_variance,131072,0.6065574884414673
train/explained_variance,133120,0.6818554401397705
train/explained_variance,135168,0.6542240381240845
train/explained_variance,137216,0.6592261791229248
train/explained_variance,139264,0.6258825063705444
train/explained_variance,141312,0.7180715799331665
train/explained_variance,143360,0.7369695901870728
train/explained_variance,145408,0.6234340667724609
train/explained_variance,147456,0.6769195795059204
train/explained_variance,149504,0.712458610534668
train/explained_variance,151552,0.5854778289794922
train/explained_variance,153600,0.66975998878479
train/explained_variance,155648,0.686860203742981
train/explained_variance,157696,0.6824400424957275
train/explained_variance,159744,0.6623521447181702
train/explained_variance,161792,0.5945361852645874
train/explained_variance,163840,0.7028484344482422
train/explained_variance,165888,0.5943454504013062
train/explained_variance,167936,0.6649582386016846
train/explained_variance,169984,0.6192111968994141
train/explained_variance,172032,0.7041836977005005
train/explained_variance,174080,0.6391241550445557
train/explained_variance,176128,0.7049804925918579
train/explained_variance,178176,0.6569428443908691
train/explained_variance,180224,0.6349393129348755
train/explained_variance,182272,0.6178464889526367
train/explained_variance,184320,0.6748093366622925
train/explained_variance,186368,0.7877218723297119
train/explained_variance,188416,0.6535786390304565
train/explained_variance,190464,0.6649296283721924
train/explained_variance,192512,0.668282151222229
train/explained_variance,194560,0.6250797510147095
train/explained_variance,196608,0.54884934425354
train/explained_variance,198656,0.5758676528930664
train/explained_variance,200704,0.5763839483261108
train/learning_rate,4096,0.0003000000142492354
train/learning_rate,6144,0.0003000000142492354
train/learning_rate,8192,0.0003000000142492354
train/learning_rate,10240,0.0003000000142492354
train/learning_rate,12288,0.0003000000142492354
train/learning_rate,14336,0.0003000000142492354
train/learning_rate,16384,0.0003000000142492354
train/learning_rate,18432,0.0003000000142492354
train/learning_rate,20480,0.0003000000142492354
train/learning_rate,22528,0.0003000000142492354
train/learning_rate,24576,0.0003000000142492354
train/learning_rate,26624,0.0003000000142492354
train/learning_rate,28672,0.0003000000142492354
train/learning_rate,30720,0.0003000000142492354
train/learning_rate,32768,0.0003000000142492354
train/learning_rate,34816,0.0003000000142492354
train/learning_rate,36864,0.0003000000142492354
train/learning_rate,38912,0.0003000000142492354
train/learning_rate,40960,0.0003000000142492354
train/learning_rate,43008,0.0003000000142492354
train/learning_rate,45056,0.0003000000142492354
train/learning_rate,47104,0.0003000000142492354
train/learning_rate,49152,0.0003000000142492354
train/learning_rate,51200,0.0003000000142492354
train/learning_rate,53248,0.0003000000142492354
train/learning_rate,55296,0.0003000000142492354
train/learning_rate,57344,0.0003000000142492354
train/learning_rate,59392,0.0003000000142492354
train/learning_rate,61440,0.0003000000142492354
train/learning_rate,63488,0.0003000000142492354
train/learning_rate,65536,0.0003000000142492354
train/learning_rate,67584,0.0003000000142492354
train/learning_rate,69632,0.0003000000142492354
train/learning_rate,71680,0.0003000000142492354
train/learning_rate,73728,0.0003000000142492354
train/learning_rate,75776,0.0003000000142492354
train/learning_rate,77824,0.0003000000142492354
train/learning_rate,79872,0.0003000000142492354
train/learning_rate,81920,0.0003000000142492354
train/learning_rate,83968,0.0003000000142492354
train/learning_rate,86016,0.0003000000142492354
train/learning_rate,88064,0.0003000000142492354
train/learning_rate,90112,0.0003000000142492354
train/learning_rate,92160,0.0003000000142492354
train/learning_rate,94208,0.0003000000142492354
train/learning_rate,96256,0.0003000000142492354
train/learning_rate,98304,0.0003000000142492354
train/learning_rate,100352,0.0003000000142492354
train/learning_rate,102400,0.0003000000142492354
train/learning_rate,104448,0.0003000000142492354
train/learning_rate,106496,0.0003000000142492354
train/learning_rate,108544,0.0003000000142492354
train/learning_rate,110592,0.0003000000142492354
train/learning_rate,112640,0.0003000000142492354
train/learning_rate,114688,0.0003000000142492354
train/learning_rate,116736,0.0003000000142492354
train/learning_rate,118784,0.0003000000142492354
train/learning_rate,120832,0.0003000000142492354
train/learning_rate,122880,0.0003000000142492354
train/learning_rate,124928,0.0003000000142492354
train/learning_rate,126976,0.0003000000142492354
train/learning_rate,129024,0.0003000000142492354
train/learning_rate,131072,0.0003000000142492354
train/learning_rate,133120,0.0003000000142492354
train/learning_rate,135168,0.0003000000142492354
train/learning_rate,137216,0.0003000000142492354
train/learning_rate,139264,0.0003000000142492354
train/learning_rate,141312,0.0003000000142492354
train/learning_rate,143360,0.0003000000142492354
train/learning_rate,145408,0.0003000000142492354
train/learning_rate,147456,0.0003000000142492354
train/learning_rate,149504,0.0003000000142492354
train/learning_rate,151552,0.0003000000142492354
train/learning_rate,153600,0.0003000000142492354
train/learning_rate,155648,0.0003000000142492354
train/learning_rate,157696,0.0003000000142492354
train/learning_rate,159744,0.0003000000142492354
train/learning_rate,161792,0.0003000000142492354
train/learning_rate,163840,0.0003000000142492354
train/learning_rate,165888,0.0003000000142492354
train/learning_rate,167936,0.0003000000142492354
train/learning_rate,169984,0.0003000000142492354
train/learning_rate,172032,0.0003000000142492354
train/learning_rate,174080,0.0003000000142492354
train/learning_rate,176128,0.0003000000142492354
train/learning_rate,178176,0.0003000000142492354
train/learning_rate,180224,0.0003000000142492354
train/learning_rate,182272,0.0003000000142492354
train/learning_rate,184320,0.0003000000142492354
train/learning_rate,186368,0.0003000000142492354
train/learning_rate,188416,0.0003000000142492354
train/learning_rate,190464,0.0003000000142492354
train/learning_rate,192512,0.0003000000142492354
train/learning_rate,194560,0.0003000000142492354
train/learning_rate,196608,0.0003000000142492354
train/learning_rate,198656,0.0003000000142492354
train/learning_rate,200704,0.0003000000142492354
train/loss,4096,9.132243156433105
train/loss,6144,6.339987754821777
train/loss,8192,12.69650936126709
train/loss,10240,10.085816383361816
train/loss,12288,16.756223678588867
train/loss,14336,19.491764068603516
train/loss,16384,14.950927734375
train/loss,18432,27.843923568725586
train/loss,20480,9.570698738098145
train/loss,22528,6.467009544372559
train/loss,24576,6.454100131988525
train/loss,26624,19.300352096557617
train/loss,28672,7.343513488769531
train/loss,30720,20.957035064697266
train/loss,32768,24.77263641357422
train/loss,34816,26.3045711517334
train/loss,36864,9.192625045776367
train/loss,38912,38.975555419921875
train/loss,40960,16.969684600830078
train/loss,43008,31.121732711791992
train/loss,45056,13.087133407592773
train/loss,47104,14.284729957580566
train/loss,49152,36.01887512207031
train/loss,51200,8.053147315979004
train/loss,53248,39.720211029052734
train/loss,55296,33.17353439331055
train/loss,57344,60.306060791015625
train/loss,59392,31.542232513427734
train/loss,61440,46.69358444213867
train/loss,63488,38.93130111694336
train/loss,65536,39.366851806640625
train/loss,67584,32.77388381958008
train/loss,69632,26.662555694580078
train/loss,71680,25.227699279785156
train/loss,73728,6.529966354370117
train/loss,75776,7.07000207901001
train/loss,77824,35.70178985595703
train/loss,79872,18.49275016784668
train/loss,81920,7.0401506423950195
train/loss,83968,18.211572647094727
train/loss,86016,31.990907669067383
train/loss,88064,9.780682563781738
train/loss,90112,8.673637390136719
train/loss,92160,15.87356185913086
train/loss,94208,16.13593864440918
train/loss,96256,22.092004776000977
train/loss,98304,36.001399993896484
train/loss,100352,30.926237106323242
train/loss,102400,36.37757110595703
train/loss,104448,13.350488662719727
train/loss,106496,22.26306915283203
train/loss,108544,9.968193054199219
train/loss,110592,19.831817626953125
train/loss,112640,11.12939739227295
train/loss,114688,24.965721130371094
train/loss,116736,38.39903259277344
train/loss,118784,10.208617210388184
train/loss,120832,14.470745086669922
train/loss,122880,35.437110900878906
train/loss,124928,8.53054141998291
train/loss,126976,10.78221607208252
train/loss,129024,22.70439338684082
train/loss,131072,27.62566566467285
train/loss,133120,34.721588134765625
train/loss,135168,22.899383544921875
train/loss,137216,9.811944961547852
train/loss,139264,19.86186981201172
train/loss,141312,15.349709510803223
train/loss,143360,10.128849029541016
train/loss,145408,8.447765350341797
train/loss,147456,10.204465866088867
train/loss,149504,37.83218002319336
train/loss,151552,59.57962417602539
train/loss,153600,7.733164310455322
train/loss,155648,14.677396774291992
train/loss,157696,8.069805145263672
train/loss,159744,41.3825569152832
train/loss,161792,53.536434173583984
train/loss,163840,11.734528541564941
train/loss,165888,36.12388610839844
train/loss,167936,48.4306640625
train/loss,169984,33.37296676635742
train/loss,172032,14.037954330444336
train/loss,174080,12.293712615966797
train/loss,176128,23.427825927734375
train/loss,178176,15.033143997192383
train/loss,180224,36.09585189819336
train/loss,182272,18.127256393432617
train/loss,184320,27.273387908935547
train/loss,186368,8.519099235534668
train/loss,188416,9.240870475769043
train/loss,190464,46.214412689208984
train/loss,192512,12.306496620178223
train/loss,194560,8.279105186462402
train/loss,196608,19.712608337402344
train/loss,198656,61.98249816894531
train/loss,200704,9.10180377960205
train/policy_gradient_loss,4096,-0.0002973112277686596
train/policy_gradient_loss,6144,-0.002491420367732644
train/policy_gradient_loss,8192,-0.0023535459768027067
train/policy_gradient_loss,10240,-0.003236528253182769
train/policy_gradient_loss,12288,-0.005119993817061186
train/policy_gradient_loss,14336,-0.0036105052568018436
train/policy_gradient_loss,16384,-0.00731529900804162
train/policy_gradient_loss,18432,-0.002750440500676632
train/policy_gradient_loss,20480,-0.0046655237674713135
train/policy_gradient_loss,22528,-0.003088981145992875
train/policy_gradient_loss,24576,-0.002045776229351759
train/policy_gradient_loss,26624,-0.0036808503791689873
train/policy_gradient_loss,28672,-0.0019668815657496452
train/policy_gradient_loss,30720,0.000193878571735695
train/policy_gradient_loss,32768,-0.002622027648612857
train/policy_gradient_loss,34816,0.0001820986799430102
train/policy_gradient_loss,36864,-0.0007031876011751592
train/policy_gradient_loss,38912,-0.005118835251778364
train/policy_gradient_loss,40960,-0.0035364984069019556
train/policy_gradient_loss,43008,-0.000620500126387924
train/policy_gradient_loss,45056,-0.0013841716572642326
train/policy_gradient_loss,47104,-0.00519914086908102
train/policy_gradient_loss,49152,0.00013379671145230532
train/policy_gradient_loss,51200,-0.0019397595897316933
train/policy_gradient_loss,53248,-0.0003005925100296736
train/policy_gradient_loss,55296,-0.0008976764511317015
train/policy_gradient_loss,57344,-0.0013643671991303563
train/policy_gradient_loss,59392,-0.005681171081960201
train/policy_gradient_loss,61440,-0.0036734635941684246
train/policy_gradient_loss,63488,-0.00046050772652961314
train/policy_gradient_loss,65536,-0.0008247193181887269
train/policy_gradient_loss,67584,0.00013592778122983873
train/policy_gradient_loss,69632,-0.00040999363409355283
train/policy_gradient_loss,71680,-0.0013260535197332501
train/policy_gradient_loss,73728,-0.004400727804750204
train/policy_gradient_loss,75776,-0.0017352440627291799
train/policy_gradient_loss,77824,-0.002677527954801917
train/policy_gradient_loss,79872,-0.0008923379937186837
train/policy_gradient_loss,81920,-0.003134807338938117
train/policy_gradient_loss,83968,0.00015570448886137456
train/policy_gradient_loss,86016,0.0004972515744157135
train/policy_gradient_loss,88064,-0.0009196765604428947
train/policy_gradient_loss,90112,-0.0007251882343553007
train/policy_gradient_loss,92160,-0.0001146871509263292
train/policy_gradient_loss,94208,-0.0002575154067017138
train/policy_gradient_loss,96256,-0.0014897618675604463
train/policy_gradient_loss,98304,-0.0036863968707621098
train/policy_gradient_loss,100352,-0.0009016184485517442
train/policy_gradient_loss,102400,-0.0028689296450465918
train/policy_gradient_loss,104448,0.00038820988265797496
train/policy_gradient_loss,106496,-0.0015641646459698677
train/policy_gradient_loss,108544,-0.0019351666560396552
train/policy_gradient_loss,110592,-0.0014993289951235056
train/policy_gradient_loss,112640,-0.0021987746004015207
train/policy_gradient_loss,114688,-0.002435395959764719
train/policy_gradient_loss,116736,-0.002178467344492674
train/policy_gradient_loss,118784,-0.0025340246502310038
train/policy_gradient_loss,120832,-0.001202800776809454
train/policy_gradient_loss,122880,-0.0008278710301965475
train/policy_gradient_loss,124928,-0.0020244719926267862
train/policy_gradient_loss,126976,-0.0007998127839528024
train/policy_gradient_loss,129024,-0.0026441803202033043
train/policy_gradient_loss,131072,-0.0013974562752991915
train/policy_gradient_loss,133120,-0.0042239646427333355
train/policy_gradient_loss,135168,-0.004573669284582138
train/policy_gradient_loss,137216,-2.231793814644334e-06
train/policy_gradient_loss,139264,-0.0011104093864560127
train/policy_gradient_loss,141312,-0.0005004472914151847
train/policy_gradient_loss,143360,-0.001282599288970232
train/policy_gradient_loss,145408,-0.00039375355117954314
train/policy_gradient_loss,147456,-0.0008126686443574727
train/policy_gradient_loss,149504,-0.0013619994278997183
train/policy_gradient_loss,151552,-0.0006806016317568719
train/policy_gradient_loss,153600,-0.0009415835374966264
train/policy_gradient_loss,155648,-0.002045373199507594
train/policy_gradient_loss,157696,0.0004287639167159796
train/policy_gradient_loss,159744,-0.002172696404159069
train/policy_gradient_loss,161792,-0.0010810475796461105
train/policy_gradient_loss,163840,-0.0003948839439544827
train/policy_gradient_loss,165888,-8.8333516032435e-05
train/policy_gradient_loss,167936,-0.00010186166036874056
train/policy_gradient_loss,169984,-0.001042322488501668
train/policy_gradient_loss,172032,7.500415085814893e-05
train/policy_gradient_loss,174080,-0.000289785471977666
train/policy_gradient_loss,176128,-3.2205836760113016e-05
train/policy_gradient_loss,178176,-0.00044457343756221235
train/policy_gradient_loss,180224,0.00016635743668302894
train/policy_gradient_loss,182272,-0.00041996143409051
train/policy_gradient_loss,184320,-0.001086543663404882
train/policy_gradient_loss,186368,4.833604907616973e-05
train/policy_gradient_loss,188416,-2.8579333957168274e-05
train/policy_gradient_loss,190464,-1.9167970094713382e-05
train/policy_gradient_loss,192512,-0.0009449727367609739
train/policy_gradient_loss,194560,-0.00015764206182211637
train/policy_gradient_loss,196608,-8.909185999073088e-05
train/policy_gradient_loss,198656,-0.0008506037411279976
train/policy_gradient_loss,200704,-0.0003356676606927067
train/value_loss,4096,54.40575408935547
train/value_loss,6144,38.68151092529297
train/value_loss,8192,39.53099060058594
train/value_loss,10240,36.08234405517578
train/value_loss,12288,32.07734298706055
train/value_loss,14336,28.90449333190918
train/value_loss,16384,33.0353889465332
train/value_loss,18432,40.99518585205078
train/value_loss,20480,35.23691940307617
train/value_loss,22528,38.351837158203125
train/value_loss,24576,37.037357330322266
train/value_loss,26624,39.44016647338867
train/value_loss,28672,43.30934524536133
train/value_loss,30720,38.27381896972656
train/value_loss,32768,45.4530029296875
train/value_loss,34816,43.674259185791016
train/value_loss,36864,44.627845764160156
train/value_loss,38912,46.06953048706055
train/value_loss,40960,47.407249450683594
train/value_loss,43008,46.66709518432617
train/value_loss,45056,57.324676513671875
train/value_loss,47104,47.884613037109375
train/value_loss,49152,48.92884063720703
train/value_loss,51200,41.44007873535156
train/value_loss,53248,43.33078384399414
train/value_loss,55296,44.69602966308594
train/value_loss,57344,44.49660873413086
train/value_loss,59392,43.08904266357422
train/value_loss,61440,36.46757507324219
train/value_loss,63488,42.937408447265625
train/value_loss,65536,47.0680046081543
train/value_loss,67584,43.243019104003906
train/value_loss,69632,39.72279739379883
train/value_loss,71680,45.22607421875
train/value_loss,73728,45.88566589355469
train/value_loss,75776,35.56477355957031
train/value_loss,77824,40.78790283203125
train/value_loss,79872,44.038963317871094
train/value_loss,81920,43.82908630371094
train/value_loss,83968,45.893394470214844
train/value_loss,86016,44.823238372802734
train/value_loss,88064,53.75636291503906
train/value_loss,90112,41.3563232421875
train/value_loss,92160,45.12702941894531
train/value_loss,94208,45.28301239013672
train/value_loss,96256,44.838348388671875
train/value_loss,98304,41.73190689086914
train/value_loss,100352,46.49507522583008
train/value_loss,102400,48.55067825317383
train/value_loss,104448,45.91407775878906
train/value_loss,106496,45.292236328125
train/value_loss,108544,45.21590805053711
train/value_loss,110592,45.426883697509766
train/value_loss,112640,45.95173645019531
train/value_loss,114688,44.74715042114258
train/value_loss,116736,48.17223358154297
train/value_loss,118784,46.907203674316406
train/value_loss,120832,43.34739685058594
train/value_loss,122880,42.91315841674805
train/value_loss,124928,49.27528381347656
train/value_loss,126976,41.85212326049805
train/value_loss,129024,36.24605941772461
train/value_loss,131072,55.62588119506836
train/value_loss,133120,41.38300323486328
train/value_loss,135168,41.22462463378906
train/value_loss,137216,44.3703727722168
train/value_loss,139264,40.65073013305664
train/value_loss,141312,43.2429084777832
train/value_loss,143360,45.91643524169922
train/value_loss,145408,41.206443786621094
train/value_loss,147456,39.49750900268555
train/value_loss,149504,42.92522430419922
train/value_loss,151552,49.33222198486328
train/value_loss,153600,37.59398651123047
train/value_loss,155648,44.81755828857422
train/value_loss,157696,50.00559616088867
train/value_loss,159744,47.35676193237305
train/value_loss,161792,48.98048782348633
train/value_loss,163840,48.222618103027344
train/value_loss,165888,50.0836296081543
train/value_loss,167936,46.46182632446289
train/value_loss,169984,42.63163757324219
train/value_loss,172032,42.29909133911133
train/value_loss,174080,57.04741668701172
train/value_loss,176128,43.1677131652832
train/value_loss,178176,47.89168930053711
train/value_loss,180224,44.74175262451172
train/value_loss,182272,42.18511962890625
train/value_loss,184320,42.48798751831055
train/value_loss,186368,38.717857360839844
train/value_loss,188416,44.099178314208984
train/value_loss,190464,43.93205642700195
train/value_loss,192512,46.12479019165039
train/value_loss,194560,43.41437911987305
train/value_loss,196608,47.09513473510742
train/value_loss,198656,45.637786865234375
train/value_loss,200704,36.92251205444336
