config,workload,seed,strategy,util,frag,fail,lgfr,score,hit,miss,lat_mean_ms,lat_med_ms,lat_max_ms
A-unif-s42,uniform,42,Best Fit,0.8438,0.6625,0.5134,0.0527,+0.1813,0.4866,0.5134,,,
A-unif-s42,uniform,42,Random Fit,0.8613,0.7676,0.5219,0.0322,+0.0937,0.4781,0.5219,,,
A-unif-s42,uniform,42,First Fit,0.8018,0.7685,0.5177,0.0459,+0.0333,0.4823,0.5177,,,
A-unif-s42,uniform,42,Worst Fit,0.7402,0.9248,0.5233,0.0195,-0.1846,0.4767,0.5233,,,
A-unif-s42,uniform,42,Baseline PPO,0.8926,0.7091,0.5191,0.0312,+0.1835,0.4809,0.5191,,,
A-unif-s42,uniform,42,FluxAlloc,0.8643,0.8489,0.5078,0.0205,+0.0153,0.4922,0.5078,,,
A-bim-s42,bimodal,42,Best Fit,0.9824,0.7778,0.3431,0.0039,+0.2046,0.6569,0.3431,,,
A-bim-s42,bimodal,42,Random Fit,0.9697,0.8710,0.3501,0.0039,+0.0988,0.6499,0.3501,,,
A-bim-s42,bimodal,42,First Fit,0.9570,0.8864,0.3417,0.0049,+0.0707,0.6583,0.3417,,,
A-bim-s42,bimodal,42,Worst Fit,0.8877,0.9739,0.3459,0.0029,-0.0862,0.6541,0.3459,,,
A-bim-s42,bimodal,42,Baseline PPO,0.9629,0.7895,0.3417,0.0078,+0.1734,0.6583,0.3417,,,
A-bim-s42,bimodal,42,FluxAlloc,0.9766,0.7500,0.3207,0.0059,+0.2266,0.6793,0.3207,,,
A-bim-10,bimodal,0,Best Fit,0.9512,0.4000,0.2994,0.0293,+0.5512,0.7006,0.2994,,,
A-bim-10,bimodal,0,FluxAlloc,0.8906,0.6429,0.2936,0.0391,+0.2478,0.7064,0.2936,,,
A-bim-10,bimodal,1,Best Fit,0.9541,0.7234,0.3583,0.0127,+0.2307,0.6417,0.3583,,,
A-bim-10,bimodal,1,FluxAlloc,0.9082,0.7128,0.3554,0.0264,+0.1954,0.6446,0.3554,,,
A-bim-10,bimodal,2,Best Fit,0.9688,0.7812,0.3034,0.0068,+0.1875,0.6966,0.3034,,,
A-bim-10,bimodal,2,FluxAlloc,0.9453,0.9107,0.3152,0.0049,+0.0346,0.6848,0.3152,,,
A-bim-10,bimodal,3,Best Fit,0.9844,0.8125,0.3633,0.0029,+0.1719,0.6367,0.3633,,,
A-bim-10,bimodal,3,FluxAlloc,0.9756,0.8400,0.3439,0.0039,+0.1356,0.6561,0.3439,,,
A-bim-10,bimodal,4,Best Fit,0.9658,0.8000,0.3545,0.0068,+0.1658,0.6455,0.3545,,,
A-bim-10,bimodal,4,FluxAlloc,0.9561,0.8889,0.3291,0.0049,+0.0672,0.6709,0.3291,,,
A-bim-10,bimodal,7,Best Fit,0.9883,0.7500,0.3847,0.0029,+0.2383,0.6153,0.3847,,,
A-bim-10,bimodal,7,FluxAlloc,0.9785,0.8636,0.3806,0.0029,+0.1149,0.6194,0.3806,,,
A-bim-10,bimodal,10,Best Fit,0.9619,0.8205,0.3275,0.0068,+0.1414,0.6725,0.3275,,,
A-bim-10,bimodal,10,FluxAlloc,0.9287,0.8493,0.2928,0.0107,+0.0794,0.7072,0.2928,,,
A-bim-10,bimodal,18,Best Fit,0.9814,0.7368,0.3469,0.0049,+0.2446,0.6531,0.3469,,,
A-bim-10,bimodal,18,FluxAlloc,0.9766,0.8750,0.3048,0.0029,+0.1016,0.6952,0.3048,,,
A-bim-10,bimodal,42,Best Fit,0.9824,0.7778,0.3431,0.0039,+0.2046,0.6569,0.3431,,,
A-bim-10,bimodal,42,FluxAlloc,0.9766,0.7500,0.3207,0.0059,+0.2266,0.6793,0.3207,,,
A-bim-10,bimodal,123,Best Fit,0.9658,0.7714,0.2917,0.0078,+0.1944,0.7083,0.2917,,,
A-bim-10,bimodal,123,FluxAlloc,0.9590,0.8333,0.3048,0.0068,+0.1257,0.6952,0.3048,,,
A-unif-10,uniform,0,Best Fit,0.8066,0.8333,0.5260,0.0322,-0.0267,0.4740,0.5260,,,
A-unif-10,uniform,0,FluxAlloc,0.7695,0.7500,0.5148,0.0576,+0.0195,0.4852,0.5148,,,
A-unif-10,uniform,1,Best Fit,0.8711,0.6667,0.4649,0.0430,+0.2044,0.5351,0.4649,,,
A-unif-10,uniform,1,FluxAlloc,0.9424,0.5932,0.4664,0.0234,+0.3492,0.5336,0.4664,,,
A-unif-10,uniform,2,Best Fit,0.8760,0.7402,0.5377,0.0322,+0.1358,0.4623,0.5377,,,
A-unif-10,uniform,2,FluxAlloc,0.8652,0.7174,0.5349,0.0381,+0.1478,0.4651,0.5349,,,
A-unif-10,uniform,3,Best Fit,0.8057,0.7789,0.5426,0.0430,+0.0268,0.4574,0.5426,,,
A-unif-10,uniform,3,FluxAlloc,0.8447,0.7987,0.5412,0.0312,+0.0460,0.4588,0.5412,,,
A-unif-10,uniform,4,Best Fit,0.8848,0.8475,0.4531,0.0176,+0.0373,0.5469,0.4531,,,
A-unif-10,uniform,4,FluxAlloc,0.8770,0.7937,0.4589,0.0254,+0.0833,0.5411,0.4589,,,
A-unif-10,uniform,7,Best Fit,0.8408,0.7975,0.5324,0.0322,+0.0433,0.4676,0.5324,,,
A-unif-10,uniform,7,FluxAlloc,0.8359,0.7440,0.5324,0.0420,+0.0919,0.4676,0.5324,,,
A-unif-10,uniform,10,Best Fit,0.9121,0.8333,0.5064,0.0146,+0.0788,0.4936,0.5064,,,
A-unif-10,uniform,10,FluxAlloc,0.8477,0.7821,0.5120,0.0332,+0.0656,0.4880,0.5120,,,
A-unif-10,uniform,18,Best Fit,0.9219,0.7375,0.4899,0.0205,+0.1844,0.5101,0.4899,,,
A-unif-10,uniform,18,FluxAlloc,0.9023,0.7800,0.4899,0.0215,+0.1223,0.5101,0.4899,,,
A-unif-10,uniform,42,Best Fit,0.8438,0.6625,0.5134,0.0527,+0.1813,0.4866,0.5134,,,
A-unif-10,uniform,42,FluxAlloc,0.8643,0.8489,0.5078,0.0205,+0.0153,0.4922,0.5078,,,
A-unif-10,uniform,123,Best Fit,0.8330,0.7251,0.4943,0.0459,+0.1079,0.5057,0.4943,,,
A-unif-10,uniform,123,FluxAlloc,0.8096,0.8103,0.5043,0.0361,-0.0007,0.4957,0.5043,,,
A-adv-canonical,adversarial,42,Best Fit,0.7656,0.5667,0.0263,0.1016,+0.1990,0.9737,0.0263,,,
A-adv-canonical,adversarial,42,Random Fit,0.7109,0.5405,0.0283,0.1328,+0.1704,0.9717,0.0283,,,
A-adv-canonical,adversarial,42,First Fit,0.7656,0.7667,0.0263,0.0547,-0.0010,0.9737,0.0263,,,
A-adv-canonical,adversarial,42,Worst Fit,0.5469,0.8276,0.0344,0.0781,-0.2807,0.9656,0.0344,,,
A-adv-canonical,adversarial,42,FluxAlloc (oracle=best_fit),0.7656,0.2667,0.0263,0.1719,+0.4990,0.9737,0.0263,,,
A-adv-canonical,adversarial,42,FluxAlloc (oracle=next_fit),0.7109,0.3243,0.0283,0.1953,+0.3866,0.9717,0.0283,,,
A-adv-canonical,adversarial,42,FluxAlloc (oracle=first_fit),0.7109,0.6757,0.0283,0.0938,+0.0353,0.9717,0.0283,,,
A-adv-10,adversarial,0,Best Fit,0.6562,0.7727,0.1264,0.0781,-0.1165,0.8736,0.1264,,,
A-adv-10,adversarial,0,FluxAlloc,0.6016,0.7451,0.1132,0.1016,-0.1435,0.8868,0.1132,,,
A-adv-10,adversarial,1,Best Fit,0.7109,0.6216,0.0352,0.1094,+0.0893,0.9648,0.0352,,,
A-adv-10,adversarial,1,FluxAlloc,0.7109,0.5676,0.0352,0.1250,+0.1434,0.9648,0.0352,,,
A-adv-10,adversarial,2,Best Fit,0.6016,0.6471,0.0401,0.1406,-0.0455,0.9599,0.0401,,,
A-adv-10,adversarial,2,FluxAlloc,0.4922,0.4462,0.0401,0.2812,+0.0460,0.9599,0.0401,,,
A-adv-10,adversarial,3,Best Fit,0.6797,0.7805,0.1679,0.0703,-0.1008,0.8321,0.1679,,,
A-adv-10,adversarial,3,FluxAlloc,0.6797,0.7317,0.1570,0.0859,-0.0520,0.8430,0.1570,,,
A-adv-10,adversarial,4,Best Fit,0.7109,0.7297,0.0318,0.0781,-0.0188,0.9682,0.0318,,,
A-adv-10,adversarial,4,FluxAlloc,0.6562,0.6591,0.0338,0.1172,-0.0028,0.9662,0.0338,,,
A-adv-10,adversarial,7,Best Fit,0.7109,0.7297,0.0579,0.0781,-0.0188,0.9421,0.0579,,,
A-adv-10,adversarial,7,FluxAlloc,0.6562,0.7045,0.0521,0.1016,-0.0483,0.9479,0.0521,,,
A-adv-10,adversarial,10,Best Fit,0.8203,0.4783,0.0000,0.0938,+0.3421,1.0000,0.0000,,,
A-adv-10,adversarial,10,FluxAlloc,0.8203,0.3043,0.0000,0.1250,+0.5160,1.0000,0.0000,,,
A-adv-10,adversarial,18,Best Fit,0.8203,0.6957,0.0663,0.0547,+0.1247,0.9337,0.0663,,,
A-adv-10,adversarial,18,FluxAlloc,0.7656,0.5000,0.0546,0.1172,+0.2656,0.9454,0.0546,,,
A-adv-10,adversarial,42,Best Fit,0.7656,0.5667,0.0263,0.1016,+0.1990,0.9737,0.0263,,,
A-adv-10,adversarial,42,FluxAlloc,0.7656,0.2667,0.0263,0.1719,+0.4990,0.9737,0.0263,,,
A-adv-10,adversarial,123,Best Fit,0.6328,0.5106,0.0777,0.1797,+0.1222,0.9223,0.0777,,,
A-adv-10,adversarial,123,FluxAlloc,0.5938,0.7500,0.0758,0.1016,-0.1562,0.9242,0.0758,,,
A-abl,bimodal,42,"FluxAlloc (alpha=0.0, k=12)",0.9746,0.9231,0.3417,0.0020,+0.0515,0.6583,0.3417,,,
A-abl,bimodal,42,"FluxAlloc (alpha=1.0, k=12)",0.9648,0.8333,0.3263,0.0059,+0.1315,0.6737,0.3263,,,
A-abl,bimodal,42,"FluxAlloc (k=4, alpha=0.2)",0.9824,0.7778,0.3585,0.0039,+0.2046,0.6415,0.3585,,,
A-abl,bimodal,42,"FluxAlloc (k=8, alpha=0.2)",0.9697,0.8387,0.3221,0.0049,+0.1310,0.6779,0.3221,,,
A-abl,bimodal,42,"FluxAlloc (k=16, alpha=0.2)",0.9678,0.7576,0.3417,0.0078,+0.2102,0.6583,0.3417,,,
A-latency,uniform,42,Best Fit,0.8340,0.6765,0.4444,0.0537,+0.1575,0.5556,0.4444,0.0087,0.0076,0.0365
A-latency,uniform,42,FluxAlloc MLP-only,0.7979,0.8116,0.4558,0.0381,-0.0137,0.5442,0.4558,0.3084,0.3008,0.6094
A-latency,uniform,42,FluxAlloc Full Planning,0.8105,0.8093,0.4416,0.0361,+0.0013,0.5584,0.4416,4.4785,1.2605,37.9817
B-x64,bimodal,0,Best Fit,0.9512,0.4000,0.2994,0.0293,+0.5512,0.7006,0.2994,,,
B-x64,bimodal,0,FluxAlloc,0.8906,0.6429,0.2936,0.0391,+0.2478,0.7064,0.2936,,,
B-x64,bimodal,7,Best Fit,0.9883,0.7500,0.3847,0.0029,+0.2383,0.6153,0.3847,,,
B-x64,bimodal,7,FluxAlloc,0.9785,0.8636,0.3806,0.0029,+0.1149,0.6194,0.3806,,,
B-x64,bimodal,10,Best Fit,0.9619,0.8205,0.3275,0.0068,+0.1414,0.6725,0.3275,,,
B-x64,bimodal,10,FluxAlloc,0.9287,0.8493,0.2928,0.0107,+0.0794,0.7072,0.2928,,,
B-x64,bimodal,18,Best Fit,0.9814,0.7368,0.3469,0.0049,+0.2446,0.6531,0.3469,,,
B-x64,bimodal,18,FluxAlloc,0.9766,0.8750,0.3048,0.0029,+0.1016,0.6952,0.3048,,,
B-x64,bimodal,42,Best Fit,0.9824,0.7778,0.3431,0.0039,+0.2046,0.6569,0.3431,,,
B-x64,bimodal,42,FluxAlloc,0.9766,0.7500,0.3207,0.0059,+0.2266,0.6793,0.3207,,,
B-h2,bimodal,0,Best Fit,0.9824,0.7222,0.2180,0.0049,+0.2602,0.7820,0.2180,,,
B-h2,bimodal,0,FluxAlloc,0.9165,0.7485,0.1904,0.0210,+0.1680,0.8096,0.1904,,,
B-h2,bimodal,7,Best Fit,0.9805,0.2250,0.2592,0.0151,+0.7555,0.7408,0.2592,,,
B-h2,bimodal,7,FluxAlloc,0.9800,0.9268,0.2510,0.0015,+0.0532,0.7490,0.2510,,,
B-h2,bimodal,10,Best Fit,0.9512,0.6800,0.2203,0.0156,+0.2712,0.7797,0.2203,,,
B-h2,bimodal,10,FluxAlloc,0.9517,0.7475,0.2014,0.0122,+0.2042,0.7986,0.2014,,,
B-h2,bimodal,18,Best Fit,0.9961,0.3750,0.2331,0.0024,+0.6211,0.7669,0.2331,,,
B-h2,bimodal,18,FluxAlloc,0.9751,0.7647,0.2051,0.0059,+0.2104,0.7949,0.2051,,,
B-h2,bimodal,42,Best Fit,0.9731,0.2364,0.2451,0.0205,+0.7368,0.7549,0.2451,,,
B-h2,bimodal,42,FluxAlloc,0.9644,0.7397,0.2269,0.0093,+0.2246,0.7731,0.2269,,,
B-h4,bimodal,0,Best Fit,0.9819,0.7297,0.1032,0.0049,+0.2522,0.8968,0.1032,,,
B-h4,bimodal,0,FluxAlloc,0.9482,0.8208,0.0988,0.0093,+0.1275,0.9012,0.0988,,,
B-h4,bimodal,7,Best Fit,0.9946,0.0000,0.1392,0.0054,+0.9946,0.8608,0.1392,,,
B-h4,bimodal,7,FluxAlloc,0.9893,0.8182,0.1296,0.0020,+0.1711,0.8704,0.1296,,,
B-h4,bimodal,10,Best Fit,0.9792,0.4235,0.1072,0.0120,+0.5557,0.8928,0.1072,,,
B-h4,bimodal,10,FluxAlloc,0.9578,0.8439,0.0928,0.0066,+0.1138,0.9072,0.0928,,,
B-h4,bimodal,18,Best Fit,0.9915,0.2286,0.1166,0.0066,+0.7629,0.8834,0.1166,,,
B-h4,bimodal,18,FluxAlloc,0.9814,0.9342,0.1053,0.0012,+0.0472,0.8947,0.1053,,,
B-h4,bimodal,42,Best Fit,0.9885,0.2553,0.1373,0.0085,+0.7332,0.8627,0.1373,,,
B-h4,bimodal,42,FluxAlloc,0.9734,0.6881,0.1373,0.0083,+0.2853,0.8627,0.1373,,,
B-unif-h4,uniform,0,Best Fit,0.9348,0.8315,0.3418,0.0110,+0.1034,0.6582,0.3418,,,
B-unif-h4,uniform,0,FluxAlloc,0.9014,0.8787,0.3516,0.0120,+0.0227,0.6484,0.3516,,,
B-unif-h4,uniform,7,Best Fit,0.9309,0.8940,0.3531,0.0073,+0.0369,0.6469,0.3531,,,
B-unif-h4,uniform,7,FluxAlloc,0.9177,0.9110,0.3531,0.0073,+0.0067,0.6469,0.3531,,,
B-unif-h4,uniform,10,Best Fit,0.9492,0.8942,0.3225,0.0054,+0.0550,0.6775,0.3225,,,
B-unif-h4,uniform,10,FluxAlloc,0.9194,0.9030,0.3267,0.0078,+0.0164,0.6733,0.3267,,,
B-unif-h4,uniform,18,Best Fit,0.9551,0.8533,0.3175,0.0066,+0.1018,0.6825,0.3175,,,
B-unif-h4,uniform,18,FluxAlloc,0.9131,0.8062,0.3218,0.0168,+0.1069,0.6782,0.3218,,,
B-unif-h4,uniform,42,Best Fit,0.9509,0.8308,0.3465,0.0083,+0.1201,0.6535,0.3465,,,
B-unif-h4,uniform,42,FluxAlloc,0.9277,0.8243,0.3465,0.0127,+0.1034,0.6535,0.3465,,,
C-rand,adversarial_rand,0,Best Fit,0.9863,0.7857,0.8723,0.0029,+0.2006,0.1277,0.8723,,,
C-rand,adversarial_rand,0,FluxAlloc (matched),0.9834,0.7647,0.8723,0.0039,+0.2187,0.1277,0.8723,,,
C-mism,adversarial_rand,0,FluxAlloc (mismatched),0.9863,0.7143,0.8734,0.0039,+0.2720,0.1266,0.8734,,,
C-rand,adversarial_rand,1,Best Fit,0.9912,0.7778,0.9488,0.0020,+0.2134,0.0512,0.9488,,,
C-rand,adversarial_rand,1,FluxAlloc (matched),0.9941,0.6667,0.9426,0.0020,+0.3275,0.0574,0.9426,,,
C-mism,adversarial_rand,1,FluxAlloc (mismatched),0.9941,0.6667,0.9426,0.0020,+0.3275,0.0574,0.9426,,,
C-rand,adversarial_rand,2,Best Fit,0.9863,0.7143,0.9161,0.0039,+0.2720,0.0839,0.9161,,,
C-rand,adversarial_rand,2,FluxAlloc (matched),0.9824,0.8333,0.9161,0.0029,+0.1491,0.0839,0.9161,,,
C-mism,adversarial_rand,2,FluxAlloc (mismatched),0.9795,0.8095,0.9172,0.0039,+0.1700,0.0828,0.9172,,,
C-rand,adversarial_rand,3,Best Fit,0.9834,0.7647,0.9466,0.0039,+0.2187,0.0534,0.9466,,,
C-rand,adversarial_rand,3,FluxAlloc (matched),0.9854,0.6667,0.9476,0.0049,+0.3187,0.0524,0.9476,,,
C-mism,adversarial_rand,3,FluxAlloc (mismatched),0.9873,0.6923,0.9476,0.0039,+0.2950,0.0524,0.9476,,,
C-rand,adversarial_rand,4,Best Fit,0.9971,0.3333,0.9023,0.0020,+0.6637,0.0977,0.9023,,,
C-rand,adversarial_rand,4,FluxAlloc (matched),0.9941,0.6667,0.9023,0.0020,+0.3275,0.0977,0.9023,,,
C-mism,adversarial_rand,4,FluxAlloc (mismatched),1.0000,0.0000,0.9023,0.0000,+1.0000,0.0977,0.9023,,,
C-rand,adversarial_rand,7,Best Fit,0.9961,0.7500,0.9421,0.0010,+0.2461,0.0579,0.9421,,,
C-rand,adversarial_rand,7,FluxAlloc (matched),0.9961,0.7500,0.9411,0.0010,+0.2461,0.0589,0.9411,,,
C-mism,adversarial_rand,7,FluxAlloc (mismatched),0.9951,0.8000,0.9339,0.0010,+0.1951,0.0661,0.9339,,,
C-rand,adversarial_rand,10,Best Fit,0.9941,0.6667,0.9349,0.0020,+0.3275,0.0651,0.9349,,,
C-rand,adversarial_rand,10,FluxAlloc (matched),0.9922,0.7500,0.9369,0.0020,+0.2422,0.0631,0.9369,,,
C-mism,adversarial_rand,10,FluxAlloc (mismatched),0.9922,0.6250,0.9349,0.0029,+0.3672,0.0651,0.9349,,,
C-rand,adversarial_rand,18,Best Fit,0.9893,0.6364,0.8739,0.0039,+0.3529,0.1261,0.8739,,,
C-rand,adversarial_rand,18,FluxAlloc (matched),0.9912,0.5556,0.8739,0.0039,+0.4357,0.1261,0.8739,,,
C-mism,adversarial_rand,18,FluxAlloc (mismatched),0.9932,0.7143,0.8761,0.0020,+0.2789,0.1239,0.8761,,,
C-rand,adversarial_rand,42,Best Fit,0.9941,0.5000,0.9031,0.0029,+0.4941,0.0969,0.9031,,,
C-rand,adversarial_rand,42,FluxAlloc (matched),0.9873,0.6923,0.9073,0.0039,+0.2950,0.0927,0.9073,,,
C-mism,adversarial_rand,42,FluxAlloc (mismatched),0.9854,0.7333,0.9031,0.0039,+0.2520,0.0969,0.9031,,,
C-rand,adversarial_rand,123,Best Fit,0.9951,0.8000,0.9552,0.0010,+0.1951,0.0448,0.9552,,,
C-rand,adversarial_rand,123,FluxAlloc (matched),0.9951,0.6000,0.9552,0.0020,+0.3951,0.0448,0.9552,,,
C-mism,adversarial_rand,123,FluxAlloc (mismatched),0.9932,0.7143,0.9552,0.0020,+0.2789,0.0448,0.9552,,,
D-freepol,bimodal,42,FluxAlloc (free=LIFO),0.9746,0.8846,0.3305,0.0029,+0.0900,0.6695,0.3305,,,
D-freepol,bimodal,42,FluxAlloc (free=random),0.9473,0.8148,0.3305,0.0098,+0.1325,0.6695,0.3305,,,
D-freepol,adversarial,42,FluxAlloc (free=LIFO),0.7656,0.2667,0.0263,0.1719,+0.4990,0.9737,0.0263,,,
D-freepol,adversarial,42,FluxAlloc (free=random),0.7656,0.2667,0.0263,0.1719,+0.4990,0.9737,0.0263,,,
