workload,seed,sha256,num_requests
uniform,0,68da7bb161a2c718af99762e95bb3f282aa9f08a734d7a2c13e8a3e7775e3234,1000
uniform,1,4f29227f12216f282f64770159e19bef5d8d7130e2d39232d6b5e8c2560f3186,1000
uniform,2,880c557af0840a41651ef4e81d88ab35a52ba501871f631e86eb27b42667d1d7,1000
uniform,3,347c9d1cfac9c6b9eb32683ad5f956a6c404b840686a7dcbcf2821698ab9387e,1000
uniform,4,29d2e8b554fe326bd5860cbac083c050da494cd87abf09d66a95d57f953d7dbc,1000
uniform,5,55d9ebd4542d58ced3a7ebf89be2dcf69a05c08ad9f6570eaeb799be13215927,1000
uniform,7,6decd385cd4aa45153430f5965edcde12c7655961e1b3040e88e70f2765ef74a,1000
uniform,10,8da31be54233b06e4d248511e9b8c22c151a1443459ac2bd9fce19e312eafec8,1000
uniform,18,bf9bb8b7dd6dd7647acd0693100a74cc7a84f09cf8edce8ab118cc196a27e7b7,1000
uniform,42,446c35b9f33e4472b373eda5ca94b0ba103342df7820c601fa307db4f1147def,1000
uniform,123,78d26b25e019a7c78176a46855bdc269ba4fc4a2b69917748c912bd7c47b5537,1000
bimodal,0,36f33f1df6068f0f89c1ff49872391d93e47b4a64b0288d916ba28d9b4547c5f,1000
bimodal,1,440f43cce03aea0337da32e3f6232b3438d460afe7f55dd14677c777038045ec,1000
bimodal,2,13efc86608ca0304f07bfd2dcf065586bd4438c2cd4d75847c1b86272d2b8565,1000
bimodal,3,ddad5ca200de4c36bead5b4e89532240538d45d489b5df7f23fb13d282312876,1000
bimodal,4,8521df663d748923e02cae1ba640389146dd4b2d6f8b6ecc2df11733539462d1,1000
bimodal,5,332a91f0dd80cf3e345051c4f202c6d6077e1a463a777611736feadc7b560940,1000
bimodal,7,355df5188a95c6e028b4cf5c2d01b7d79829d4be2955a792a49eb5ee9cf6c8ce,1000
bimodal,10,9cf54b77e144cdc56b29a5cb5efa952c34e24a168edad32efc45ba23dfde18e9,1000
bimodal,18,ef4425e5f6a3a2f1aa66f1fc39923517117d311d741b92e097e3987490577261,1000
bimodal,42,44947ae6736408c4e532e5a4b26fd82ae09ebabd2a6fd3d710f33cc203910d87,1000
bimodal,123,ef82b3575ba48a4d1ad5a5b63463273728a57895d300f8e8b4863b4da5a32223,1000
adversarial,0,134eea80cfa3ab46db7c16e1370ca2f139fb6b3a0b8677ba5ea1b50d10cbd460,1000
adversarial,1,e143ce3dd079711dc47c4a62c5e729ba91d17056ce23b368a84d985473fb9f7d,1000
adversarial,2,56fe2a09cf206040e4546c4fcce3dee493d6c7d4d90e6959d37336151d490cb3,1000
adversarial,3,dafdd0dd31806bf5500194d6eca9b5ff1e6cda85b9bb6a2b364ea5db510e642f,1000
adversarial,4,9b739d14141ce7bf0a5df106ec722e8dcd804352461c96f4dfd3dc16da6b8a72,1000
adversarial,5,d81753b663fe5f9eba7214d09902518053f4574d9cafae6648038913508de01d,1000
adversarial,7,526e5db4f4d7de7821df35b65dadada24fa058e30e1fc54fb23b4dc2f8c4ba92,1000
adversarial,10,c868f9efde25eda88eca1f919a162efcc28313d779fb59e945772373a1afa112,1000
adversarial,18,ffe1cb4503622b8003df98743ec20ce525ca22868ad8b37f1a3fbaa20673b210,1000
adversarial,42,2bae55ebcd8862e6fed6454e5b17c8b622b84e9395f9106764d91831734415bf,1000
adversarial,123,7ed902d77cfbaaffd0f1177fdbadb6baacc71729bf44265e25678bf8f1a7fa7c,1000
